time,open,high,low,close,volume
2026-01-13 17:00:00,93389.63,93498.72,93100.0,93241.99,796.01222
2026-01-13 18:00:00,93241.99,93871.29,93198.09,93633.71,950.82758
2026-01-13 19:00:00,93633.71,94231.82,93475.07,94226.84,1085.51387
2026-01-13 20:00:00,94226.85,94500.0,94113.13,94408.7,1604.35758
2026-01-13 21:00:00,94408.7,94507.99,94062.0,94087.23,1173.77039
2026-01-13 22:00:00,94087.23,96495.0,94087.23,95757.21,3452.31954
2026-01-13 23:00:00,95757.19,96107.97,95055.01,95414.0,1275.24237
2026-01-14 00:00:00,95413.99,95647.91,95154.04,95236.84,662.80362
2026-01-14 01:00:00,95236.84,95582.0,95116.03,95245.6,749.06956
2026-01-14 02:00:00,95245.61,95562.0,95190.06,95347.46,588.58584
2026-01-14 03:00:00,95347.47,95722.01,95285.5,95720.99,381.4409
2026-01-14 04:00:00,95720.99,95799.22,95224.44,95245.16,460.39311
2026-01-14 05:00:00,95245.17,95270.25,94972.0,95005.0,669.59606
2026-01-14 06:00:00,95005.01,95028.88,94559.28,95028.87,859.31999
2026-01-14 07:00:00,95028.88,95233.99,94850.0,95205.1,884.32504
2026-01-14 08:00:00,95205.11,95315.15,94900.0,94900.01,380.43239
2026-01-14 09:00:00,94900.01,95186.51,94870.01,95088.24,468.07232
2026-01-14 10:00:00,95088.24,95291.98,94888.0,95091.75,526.44388
2026-01-14 11:00:00,95091.49,95091.49,94737.95,94792.99,381.08629
2026-01-14 12:00:00,94793.0,95154.78,94680.67,95077.56,424.37035
2026-01-14 13:00:00,95077.56,95241.7,94890.68,94998.19,454.3002
2026-01-14 14:00:00,94998.2,96827.0,94982.56,96493.15,2348.26402
2026-01-14 15:00:00,96493.14,97084.68,96188.25,96764.57,2804.69067
2026-01-14 16:00:00,96764.57,97693.66,96730.77,97293.24,2448.97546
2026-01-14 17:00:00,97293.23,97777.0,96800.0,96956.07,2017.29615
2026-01-14 18:00:00,96956.07,97110.0,96246.56,96806.55,1150.91366
2026-01-14 19:00:00,96806.54,97640.68,96688.36,97267.42,1063.44638
2026-01-14 20:00:00,97267.42,97924.49,97209.25,97655.28,1157.33493
2026-01-14 21:00:00,97655.27,97717.72,97390.0,97564.0,494.72849
2026-01-14 22:00:00,97563.99,97587.34,96772.02,96878.34,1038.79474
2026-01-14 23:00:00,96878.34,97371.33,96865.34,96951.78,437.21023
2026-01-15 00:00:00,96951.78,97000.0,96500.0,96658.03,798.45682
2026-01-15 01:00:00,96658.03,96959.09,96297.32,96445.31,701.30226
2026-01-15 02:00:00,96445.32,96617.06,96095.8,96339.91,530.33501
2026-01-15 03:00:00,96339.92,96393.58,95777.0,95985.1,791.5879
2026-01-15 04:00:00,95985.11,96387.42,95952.89,96316.27,483.75975
2026-01-15 05:00:00,96316.27,96510.57,96247.64,96429.71,419.70339
2026-01-15 06:00:00,96429.71,96588.45,96172.41,96243.78,473.63021
2026-01-15 07:00:00,96243.79,96760.15,96191.79,96630.48,679.19921
2026-01-15 08:00:00,96630.47,96662.0,96289.98,96643.0,760.49437
2026-01-15 09:00:00,96643.01,97193.34,96559.19,97040.75,1029.77719
2026-01-15 10:00:00,97040.75,97070.39,96750.0,96818.68,414.89635
2026-01-15 11:00:00,96818.68,96935.39,96580.03,96581.08,588.17595
2026-01-15 12:00:00,96581.07,96994.65,96525.24,96981.65,332.6743
2026-01-15 13:00:00,96981.66,97032.99,96620.12,96846.75,496.85903
2026-01-15 14:00:00,96846.74,97165.03,95592.69,96063.43,1629.09421
2026-01-15 15:00:00,96063.43,96791.67,95435.91,96737.04,2359.5541
2026-01-15 16:00:00,96737.04,96969.99,96272.72,96738.51,1973.14331
2026-01-15 17:00:00,96738.5,97163.0,96426.18,96636.35,2398.07402
2026-01-15 18:00:00,96636.35,96650.51,95745.25,95835.0,2117.40598
2026-01-15 19:00:00,95835.01,95920.31,95183.13,95516.01,1380.26708
2026-01-15 20:00:00,95516.01,95660.0,95134.48,95260.67,524.36978
2026-01-15 21:00:00,95260.68,95631.08,95196.0,95584.35,297.62442
2026-01-15 22:00:00,95584.36,95871.0,95488.91,95583.87,269.05055
2026-01-15 23:00:00,95583.87,95718.31,95378.58,95604.8,276.3785
2026-01-16 00:00:00,95604.81,95828.01,95570.96,95633.5,207.12295
2026-01-16 01:00:00,95633.5,95855.12,95420.75,95664.18,401.56495
2026-01-16 02:00:00,95664.17,95687.47,95393.9,95504.4,384.29986
2026-01-16 03:00:00,95504.4,95586.6,95321.58,95354.69,214.15334
2026-01-16 04:00:00,95354.69,95582.41,95133.03,95261.29,700.90747
2026-01-16 05:00:00,95261.3,95676.73,95242.18,95660.37,746.7663
2026-01-16 06:00:00,95660.38,95816.83,95534.0,95741.21,443.54681
2026-01-16 07:00:00,95741.22,95788.34,95489.6,95653.16,403.70542
2026-01-16 08:00:00,95653.16,95871.47,95570.68,95676.0,594.74259
2026-01-16 09:00:00,95676.01,95788.17,95601.5,95613.53,177.27273
2026-01-16 10:00:00,95613.53,95637.0,95280.51,95307.35,538.64006
2026-01-16 11:00:00,95307.35,95470.0,95261.43,95429.09,303.73259
2026-01-16 12:00:00,95429.09,95569.0,95353.5,95458.55,289.70117
2026-01-16 13:00:00,95458.55,95579.0,95288.05,95448.87,277.92918
2026-01-16 14:00:00,95448.86,95809.08,95192.35,95192.36,624.83754
2026-01-16 15:00:00,95192.36,95663.15,94293.46,94585.98,1821.66491
2026-01-16 16:00:00,94585.99,94990.73,94508.0,94872.55,811.28371
2026-01-16 17:00:00,94872.55,95130.49,94555.88,95076.08,513.23212
2026-01-16 18:00:00,95076.09,95215.74,94960.04,95001.19,353.51337
2026-01-16 19:00:00,95001.19,95055.31,94841.31,95002.09,176.56522
2026-01-16 20:00:00,95002.09,95561.5,94682.0,95553.6,414.87593
2026-01-16 21:00:00,95553.61,95600.0,95359.69,95523.52,341.14068
2026-01-16 22:00:00,95523.52,95574.0,95260.64,95514.0,283.10566
2026-01-16 23:00:00,95513.99,95577.89,95433.83,95550.94,143.41004
2026-01-17 00:00:00,95550.94,95578.2,95433.94,95465.97,129.13356
2026-01-17 01:00:00,95465.97,95530.0,95384.86,95399.93,104.26658
2026-01-17 02:00:00,95399.94,95412.86,95200.0,95371.35,155.12882
2026-01-17 03:00:00,95371.36,95384.87,95270.79,95372.95,132.4524
2026-01-17 04:00:00,95372.94,95372.95,95260.64,95303.64,131.52683
2026-01-17 05:00:00,95303.63,95373.64,95275.05,95323.67,103.95781
2026-01-17 06:00:00,95323.68,95347.89,95186.29,95240.07,125.70578
2026-01-17 07:00:00,95240.08,95240.08,95041.7,95101.67,197.34545
2026-01-17 08:00:00,95101.67,95260.65,95021.67,95247.51,164.49559
2026-01-17 09:00:00,95247.51,95290.08,95176.9,95260.65,104.24877
2026-01-17 10:00:00,95260.65,95271.21,95116.47,95116.48,127.2407
2026-01-17 11:00:00,95116.48,95323.86,95073.57,95323.86,218.85009
2026-01-17 12:00:00,95323.85,95412.84,95243.63,95251.15,215.62364
2026-01-17 13:00:00,95251.15,95438.33,95198.81,95438.32,227.83624
2026-01-17 14:00:00,95438.32,95544.07,95357.02,95471.18,259.56584
2026-01-17 15:00:00,95471.17,95639.45,95433.81,95573.64,747.96943
2026-01-17 16:00:00,95573.65,95576.14,95212.25,95315.23,330.67135
2026-01-17 17:00:00,95315.23,95440.8,95295.17,95357.24,141.2049
2026-01-17 18:00:00,95357.23,95465.98,95346.0,95428.25,100.5073
2026-01-17 19:00:00,95428.25,95428.25,95290.7,95291.38,64.10708
2026-01-17 20:00:00,95291.37,95383.84,95291.36,95378.18,65.25873
2026-01-17 21:00:00,95378.19,95412.86,95283.99,95302.94,114.01955
2026-01-17 22:00:00,95302.94,95302.94,95050.0,95170.97,209.18455
2026-01-17 23:00:00,95170.98,95208.96,95123.79,95147.77,110.50038
2026-01-18 00:00:00,95147.77,95250.0,95067.83,95112.47,179.02691
2026-01-18 01:00:00,95112.48,95112.48,94876.33,94966.9,243.7208
2026-01-18 02:00:00,94966.89,95069.07,94880.53,95022.01,148.4607
2026-01-18 03:00:00,95022.01,95205.74,95022.01,95200.29,149.82604
2026-01-18 04:00:00,95200.29,95200.3,95075.3,95095.68,90.87843
2026-01-18 05:00:00,95095.68,95260.0,95059.27,95188.55,176.45319
2026-01-18 06:00:00,95188.54,95199.62,95144.3,95171.43,144.72253
2026-01-18 07:00:00,95171.44,95183.3,95028.27,95028.27,293.23856
2026-01-18 08:00:00,95028.27,95195.0,95021.44,95183.93,124.9626
2026-01-18 09:00:00,95183.93,95295.35,95149.18,95275.73,312.28376
2026-01-18 10:00:00,95275.73,95295.39,95088.0,95180.66,344.24187
2026-01-18 11:00:00,95180.67,95180.67,95061.65,95168.06,178.51779
2026-01-18 12:00:00,95168.06,95178.09,95081.32,95113.25,122.90856
2026-01-18 13:00:00,95113.24,95205.4,94910.0,95146.82,328.31194
2026-01-18 14:00:00,95146.82,95376.24,94928.51,94955.79,530.3533
2026-01-18 15:00:00,94955.78,95125.47,94915.21,95119.28,195.60522
2026-01-18 16:00:00,95119.27,95186.3,95073.02,95169.35,105.98121
2026-01-18 17:00:00,95169.35,95280.24,95140.61,95274.36,147.92595
2026-01-18 18:00:00,95274.35,95521.71,95180.9,95439.6,407.32335
2026-01-18 19:00:00,95439.6,95514.0,95333.99,95380.99,260.23192
2026-01-18 20:00:00,95380.99,95441.22,95285.2,95304.01,77.90234
2026-01-18 21:00:00,95304.01,95430.45,95284.23,95430.44,81.51777
2026-01-18 22:00:00,95430.45,95531.12,95412.86,95498.61,319.96465
2026-01-18 23:00:00,95498.6,95498.6,93615.4,93673.14,1930.8188
2026-01-19 00:00:00,93673.14,93673.14,91910.2,92711.02,4221.82713
2026-01-19 01:00:00,92711.02,92875.68,92247.97,92586.65,910.87085
2026-01-19 02:00:00,92586.65,92672.0,92383.94,92566.8,452.44264
2026-01-19 03:00:00,92566.8,92776.83,92500.0,92690.09,556.40187
2026-01-19 04:00:00,92690.08,92748.32,92502.58,92665.0,506.12587
2026-01-19 05:00:00,92665.0,92811.11,92504.24,92511.77,357.86057
2026-01-19 06:00:00,92511.77,92629.26,92385.07,92583.27,427.02868
2026-01-19 07:00:00,92583.27,92861.41,92562.0,92841.62,421.22196
2026-01-19 08:00:00,92841.62,93368.44,92702.56,93259.09,865.57873
2026-01-19 09:00:00,93259.09,93268.12,92950.0,93060.06,474.82948
2026-01-19 10:00:00,93060.06,93081.3,92900.0,93064.88,263.24721
2026-01-19 11:00:00,93064.88,93317.29,92969.94,93191.96,305.33086
2026-01-19 12:00:00,93191.96,93226.44,92979.48,93070.6,586.84126
2026-01-19 13:00:00,93070.6,93151.37,92807.34,93031.86,326.88604
2026-01-19 14:00:00,93031.85,93039.6,92700.0,92812.43,417.89495
2026-01-19 15:00:00,92812.43,93081.0,92812.43,93068.62,467.20202
2026-01-19 16:00:00,93068.62,93420.0,92994.0,93301.86,380.00206
2026-01-19 17:00:00,93301.85,93389.45,93150.0,93242.99,357.60248
2026-01-19 18:00:00,93242.99,93259.39,92930.0,93065.84,235.78814
2026-01-19 19:00:00,93065.83,93154.32,93000.0,93105.85,179.79114
2026-01-19 20:00:00,93105.85,93274.82,93084.15,93141.94,178.48795
2026-01-19 21:00:00,93141.95,93342.36,93000.03,93003.42,240.63302
2026-01-19 22:00:00,93003.41,93060.0,92565.78,92565.78,374.00927
2026-01-19 23:00:00,92565.78,92750.0,92158.48,92631.0,787.62329
2026-01-20 00:00:00,92630.99,92870.0,92370.25,92717.9,325.00059
2026-01-20 01:00:00,92717.9,92867.28,92525.8,92716.48,251.70499
2026-01-20 02:00:00,92716.47,92729.94,92370.68,92552.16,354.36518
2026-01-20 03:00:00,92552.15,92650.0,92264.7,92434.92,329.07012
2026-01-20 04:00:00,92434.93,92470.37,92000.01,92062.61,363.95619
2026-01-20 05:00:00,92062.62,92084.8,91294.11,91624.18,1546.22756
2026-01-20 06:00:00,91624.19,91625.31,90771.78,90929.98,1830.88581
2026-01-20 07:00:00,90929.98,91319.05,90862.83,91177.98,907.06352
2026-01-20 08:00:00,91177.99,91255.7,90693.0,91116.0,1083.7965
2026-01-20 09:00:00,91116.0,91116.0,90899.0,91036.25,381.95269
2026-01-20 10:00:00,91036.25,91294.11,90998.08,91269.58,415.15786
2026-01-20 11:00:00,91269.57,91442.88,91214.36,91218.99,373.22315
2026-01-20 12:00:00,91218.99,91318.94,91027.74,91280.31,528.8374
2026-01-20 13:00:00,91280.31,91289.64,90777.0,90958.88,722.76892
2026-01-20 14:00:00,90958.89,91371.11,90272.53,90531.15,1809.16854
2026-01-20 15:00:00,90531.15,90808.04,89859.06,90684.95,1977.53179
2026-01-20 16:00:00,90684.95,90974.49,90023.99,90165.51,895.41274
2026-01-20 17:00:00,90165.5,90505.68,89431.1,89775.46,1552.7044
2026-01-20 18:00:00,89775.47,89958.0,89395.07,89501.0,885.28879
2026-01-20 19:00:00,89501.0,89795.45,89292.48,89725.76,781.3523
2026-01-20 20:00:00,89725.77,89854.2,89400.0,89733.99,735.02193
2026-01-20 21:00:00,89734.0,89829.11,89428.0,89476.01,445.56945
2026-01-20 22:00:00,89476.01,89645.56,87900.0,88509.18,2094.09769
2026-01-20 23:00:00,88509.18,88534.21,87895.98,88427.66,1417.16799
2026-01-21 00:00:00,88427.66,88982.0,88250.0,88936.01,1052.93124
2026-01-21 01:00:00,88936.01,89165.2,88850.0,89020.91,502.12138
2026-01-21 02:00:00,89020.91,89381.86,89000.0,89048.57,884.94036
2026-01-21 03:00:00,89048.56,89598.8,89046.0,89432.33,540.55763
2026-01-21 04:00:00,89432.33,89630.0,89354.72,89448.89,300.28776
2026-01-21 05:00:00,89448.89,90120.44,89437.25,89950.04,554.5838
2026-01-21 06:00:00,89950.03,89950.04,89491.96,89649.62,369.00614
2026-01-21 07:00:00,89649.63,89767.29,89093.28,89213.95,825.75082
2026-01-21 08:00:00,89213.96,89385.4,89000.0,89197.35,723.12982
2026-01-21 09:00:00,89197.36,89493.46,89080.0,89112.3,307.89975
2026-01-21 10:00:00,89112.3,89395.08,89080.0,89248.99,328.36365
2026-01-21 11:00:00,89248.99,89382.0,88700.0,88789.99,651.53578
2026-01-21 12:00:00,88789.99,88849.39,88196.72,88736.31,1271.35096
2026-01-21 13:00:00,88736.31,89020.32,88558.67,88672.64,735.83253
2026-01-21 14:00:00,88672.64,89993.88,88611.15,89805.43,1602.75733
2026-01-21 15:00:00,89805.43,90574.0,89759.59,90288.04,1074.26054
2026-01-21 16:00:00,90288.04,90360.0,87590.0,87602.4,2075.92566
2026-01-21 17:00:00,87602.39,88156.47,87263.53,87932.38,1818.07575
2026-01-21 18:00:00,87932.37,88657.23,87585.05,88485.43,743.38561
2026-01-21 19:00:00,88485.43,90450.0,88280.55,90355.56,1787.81485
2026-01-21 20:00:00,90355.56,90377.0,89392.0,90214.01,1099.33527
2026-01-21 21:00:00,90214.02,90339.58,89950.36,90249.18,428.70398
2026-01-21 22:00:00,90249.18,90377.0,89752.38,89763.51,414.26891
2026-01-21 23:00:00,89763.51,90212.89,89344.98,89454.73,524.6842
2026-01-22 00:00:00,89454.73,90032.5,89454.72,89908.49,394.22125
2026-01-22 01:00:00,89908.5,90198.51,89826.38,90113.19,341.32729
2026-01-22 02:00:00,90113.2,90359.99,89851.03,89938.3,436.55946
2026-01-22 03:00:00,89938.3,90166.67,89702.84,89899.51,389.70123
2026-01-22 04:00:00,89899.51,90076.77,89826.67,89998.91,327.01022
2026-01-22 05:00:00,89998.91,90075.8,89928.09,90026.3,201.60447
2026-01-22 06:00:00,90026.3,90215.79,89900.0,90172.11,274.11012
2026-01-22 07:00:00,90172.12,90196.99,89802.0,89818.79,410.94787
2026-01-22 08:00:00,89818.79,89968.28,89760.0,89920.16,241.50947
2026-01-22 09:00:00,89920.16,90113.43,89883.8,90033.02,235.39671
2026-01-22 10:00:00,90033.02,90101.83,89960.0,90078.77,307.75831
2026-01-22 11:00:00,90078.76,90150.0,89897.87,89941.26,341.2419
2026-01-22 12:00:00,89941.26,90099.99,89873.09,90021.09,250.41912
2026-01-22 13:00:00,90021.09,90340.0,89478.92,89619.81,800.98427
2026-01-22 14:00:00,89619.81,89742.67,89039.78,89088.59,1132.03645
2026-01-22 15:00:00,89088.6,89445.24,88515.37,89000.01,1328.81681
2026-01-22 16:00:00,89000.0,89270.0,88676.95,89054.06,820.87315
2026-01-22 17:00:00,89054.07,89616.04,89024.55,89550.01,536.51415
2026-01-22 18:00:00,89550.0,89797.5,89301.9,89333.94,457.15553
2026-01-22 19:00:00,89333.93,89924.46,89114.48,89777.9,489.86443
2026-01-22 20:00:00,89777.89,89946.13,89398.87,89409.72,338.82702
2026-01-22 21:00:00,89409.73,89669.21,89238.32,89268.66,272.77807
2026-01-22 22:00:00,89268.66,89566.0,89140.13,89346.99,294.98276
2026-01-22 23:00:00,89346.99,89583.62,89170.74,89559.67,200.86486
2026-01-23 00:00:00,89559.68,89638.84,89450.48,89520.01,225.79843
2026-01-23 01:00:00,89520.01,89939.39,89520.01,89939.38,281.57226
2026-01-23 02:00:00,89939.39,89979.97,89655.41,89663.48,375.68609
2026-01-23 03:00:00,89663.47,89924.78,89646.18,89924.78,261.08428
2026-01-23 04:00:00,89924.78,90088.94,89871.73,89965.42,430.92263
2026-01-23 05:00:00,89965.43,89969.02,89473.99,89616.03,360.8873
2026-01-23 06:00:00,89616.04,89799.36,89400.0,89509.59,450.16637
2026-01-23 07:00:00,89509.59,89686.4,89447.52,89549.45,487.74127
2026-01-23 08:00:00,89549.45,89632.18,89133.35,89221.46,544.19233
2026-01-23 09:00:00,89221.46,89388.71,88897.81,88977.72,632.36708
2026-01-23 10:00:00,88977.72,89160.74,88860.44,89046.49,334.46792
2026-01-23 11:00:00,89046.49,89355.51,89000.0,89202.48,481.66038
2026-01-23 12:00:00,89202.47,89383.09,89099.2,89267.83,219.71914
2026-01-23 13:00:00,89267.83,89450.18,89237.65,89350.81,297.7631
2026-01-23 14:00:00,89350.8,89733.71,88663.65,89017.85,1240.76676
2026-01-23 15:00:00,89017.85,89865.53,88578.36,89761.61,1078.68425
2026-01-23 16:00:00,89761.61,90490.06,89489.0,90124.85,1266.72506
2026-01-23 17:00:00,90124.86,91224.99,89978.4,90600.0,1346.59832
2026-01-23 18:00:00,90600.0,91039.75,90449.42,90530.45,698.45416
2026-01-23 19:00:00,90530.44,90534.59,89612.01,89982.79,1118.99851
2026-01-23 20:00:00,89982.79,90156.06,89200.68,89503.68,917.72716
2026-01-23 21:00:00,89503.67,89691.18,89317.0,89349.99,308.4371
2026-01-23 22:00:00,89349.99,89752.45,89335.35,89624.61,406.19522
2026-01-23 23:00:00,89624.6,89631.0,89472.13,89600.26,151.87407
2026-01-24 00:00:00,89600.26,89625.41,89424.39,89452.83,130.78736
2026-01-24 01:00:00,89452.83,89588.72,89450.58,89550.24,118.84415
2026-01-24 02:00:00,89550.24,89722.57,89550.24,89702.85,142.98732
2026-01-24 03:00:00,89702.85,89957.39,89670.88,89770.02,368.35777
2026-01-24 04:00:00,89770.03,89853.38,89709.08,89829.35,167.98668
2026-01-24 05:00:00,89829.36,89849.78,89751.21,89775.2,112.02746
2026-01-24 06:00:00,89775.2,89784.88,89602.22,89649.32,420.23986
2026-01-24 07:00:00,89649.33,89692.31,89572.81,89620.1,254.69309
2026-01-24 08:00:00,89620.11,89686.43,89583.02,89660.88,190.29089
2026-01-24 09:00:00,89660.88,89660.88,89600.0,89600.0,126.61337
2026-01-24 10:00:00,89600.01,89654.79,89577.97,89626.8,82.58886
2026-01-24 11:00:00,89626.79,89676.26,89595.4,89595.4,114.10267
2026-01-24 12:00:00,89595.41,89595.41,89486.87,89537.82,179.07545
2026-01-24 13:00:00,89537.82,89540.44,89368.21,89368.22,156.7089
2026-01-24 14:00:00,89368.22,89512.05,89171.75,89450.03,346.65964
2026-01-24 15:00:00,89450.03,89492.14,89263.64,89275.77,334.47117
2026-01-24 16:00:00,89275.77,89369.79,89162.08,89290.01,235.06029
2026-01-24 17:00:00,89290.01,89414.38,89252.93,89406.5,135.14408
2026-01-24 18:00:00,89406.5,89461.4,89382.05,89395.23,84.40453
2026-01-24 19:00:00,89395.22,89395.23,89276.58,89331.36,105.47816
2026-01-24 20:00:00,89331.36,89399.99,89331.35,89380.01,46.43346
2026-01-24 21:00:00,89380.0,89386.61,89270.0,89386.61,99.49846
2026-01-24 22:00:00,89386.61,89489.84,89304.85,89430.0,137.03504
2026-01-24 23:00:00,89429.99,89474.65,89215.59,89225.34,137.07871
2026-01-25 00:00:00,89225.34,89315.18,89183.49,89315.18,121.64277
2026-01-25 01:00:00,89315.18,89319.13,89102.58,89176.31,180.68432
2026-01-25 02:00:00,89176.31,89268.36,89129.62,89139.04,174.6544
2026-01-25 03:00:00,89139.04,89176.72,88838.72,88960.35,472.84604
2026-01-25 04:00:00,88960.36,89090.13,88941.03,89006.96,349.85772
2026-01-25 05:00:00,89006.97,89045.44,88870.45,88990.9,204.95163
2026-01-25 06:00:00,88990.89,88990.9,88649.98,88831.36,567.42395
2026-01-25 07:00:00,88831.36,88831.36,88635.84,88659.99,242.80483
2026-01-25 08:00:00,88659.99,88760.0,88136.0,88300.01,461.92857
2026-01-25 09:00:00,88300.0,88488.0,88238.5,88398.38,288.59867
2026-01-25 10:00:00,88398.38,88671.27,88398.37,88659.51,354.58647
2026-01-25 11:00:00,88659.52,88710.0,88536.11,88570.17,171.64836
2026-01-25 12:00:00,88570.17,88800.0,88450.0,88791.99,329.09813
2026-01-25 13:00:00,88791.98,88971.89,88650.98,88921.0,278.06
2026-01-25 14:00:00,88920.99,88938.94,88624.55,88710.1,293.57615
2026-01-25 15:00:00,88710.1,88760.35,88340.75,88446.5,370.5229
2026-01-25 16:00:00,88446.51,88448.85,87560.0,88077.26,1878.84709
2026-01-25 17:00:00,88077.25,88108.24,87767.18,87892.17,467.38462
2026-01-25 18:00:00,87892.16,87983.29,86827.1,87420.01,1893.52035
2026-01-25 19:00:00,87420.01,87508.15,86194.85,86495.16,1925.07483
2026-01-25 20:00:00,86495.17,86718.75,86222.02,86654.61,753.5591
2026-01-25 21:00:00,86654.6,87013.79,86400.0,86568.5,666.32154
2026-01-25 22:00:00,86568.51,86694.78,86217.32,86521.39,849.36578
2026-01-25 23:00:00,86521.39,86791.91,86074.72,86670.36,1129.26197
2026-01-26 00:00:00,86670.36,87167.84,86509.63,86854.86,788.16762
2026-01-26 01:00:00,86854.86,87809.99,86815.37,87698.73,1118.1087
2026-01-26 02:00:00,87698.74,87973.11,87435.18,87563.38,1015.63506
2026-01-26 03:00:00,87563.39,87691.41,87062.76,87282.05,1083.65608
2026-01-26 04:00:00,87282.04,87953.0,87244.27,87737.06,1109.49828
2026-01-26 05:00:00,87737.06,87956.27,87673.12,87826.01,765.12364
2026-01-26 06:00:00,87826.01,88031.73,87764.0,87937.44,915.62979
2026-01-26 07:00:00,87937.45,88074.48,87701.72,88000.64,768.40988
2026-01-26 08:00:00,88000.64,88424.45,87846.89,87975.39,790.54723
2026-01-26 09:00:00,87975.39,88000.0,87600.69,87663.12,543.28474
2026-01-26 10:00:00,87663.12,87950.0,87660.0,87897.55,242.4813
2026-01-26 11:00:00,87897.55,87980.0,87765.99,87855.0,244.05793
2026-01-26 12:00:00,87855.01,87971.99,87735.38,87799.45,288.85651
2026-01-26 13:00:00,87799.44,88048.0,87681.4,87960.01,556.52991
2026-01-26 14:00:00,87960.01,88508.41,87450.08,88178.1,1822.59356
2026-01-26 15:00:00,88178.09,88860.0,87325.03,87641.41,1769.32177
2026-01-26 16:00:00,87641.41,87964.6,87206.0,87606.99,686.77865
2026-01-26 17:00:00,87607.0,87789.47,87035.51,87700.62,580.63374
2026-01-26 18:00:00,87700.61,88403.73,87639.26,88403.72,550.84106
2026-01-26 19:00:00,88403.73,88537.95,87950.0,88013.19,515.97407
2026-01-26 20:00:00,88013.19,88118.0,87542.05,87629.22,428.9526
2026-01-26 21:00:00,87629.23,88238.29,87573.35,88064.69,392.85938
2026-01-26 22:00:00,88064.69,88270.29,88001.75,88140.01,324.81747
2026-01-26 23:00:00,88140.01,88659.09,88021.86,88347.08,463.75556
2026-01-27 00:00:00,88347.08,88457.3,88200.0,88353.97,302.20293
2026-01-27 01:00:00,88353.97,88700.0,88194.82,88550.61,340.87375
2026-01-27 02:00:00,88550.61,88858.96,88550.61,88831.6,479.8981
2026-01-27 03:00:00,88831.59,88898.0,88582.57,88788.0,526.26275
2026-01-27 04:00:00,88787.99,89010.0,88511.88,88579.58,508.81601
2026-01-27 05:00:00,88579.58,88586.26,88399.99,88456.3,306.33125
2026-01-27 06:00:00,88456.31,88522.86,88278.03,88332.67,277.06987
2026-01-27 07:00:00,88332.68,88555.14,88312.6,88320.41,356.10224
2026-01-27 08:00:00,88320.41,88397.85,88120.04,88170.82,305.95946
2026-01-27 09:00:00,88170.83,88170.83,87868.0,87886.82,501.6008
2026-01-27 10:00:00,87886.82,88055.75,87743.84,87786.53,315.39119
2026-01-27 11:00:00,87786.53,88093.19,87743.52,87992.74,339.68763
2026-01-27 12:00:00,87992.74,88165.24,87955.98,87986.96,497.99816
2026-01-27 13:00:00,87986.96,88076.82,87799.2,87982.15,400.06912
2026-01-27 14:00:00,87982.15,88474.23,87659.23,87745.02,762.91064
2026-01-27 15:00:00,87745.02,88189.44,87578.67,88047.46,838.96558
2026-01-27 16:00:00,88047.46,88819.89,88002.57,88641.44,1128.77578
2026-01-27 17:00:00,88641.43,88699.45,87304.33,87546.58,1183.80567
2026-01-27 18:00:00,87546.58,88510.15,87450.0,88285.05,865.62099
2026-01-27 19:00:00,88285.05,88549.32,88049.89,88408.77,469.70931
2026-01-27 20:00:00,88408.78,89497.19,88373.49,89396.16,1024.56489
2026-01-27 21:00:00,89396.03,89523.16,89008.75,89081.46,689.88066
2026-01-27 22:00:00,89081.47,89421.91,89021.61,89243.63,281.54432
2026-01-27 23:00:00,89243.63,89515.78,89143.92,89250.0,421.36315
2026-01-28 00:00:00,89249.99,89468.01,89154.8,89467.72,258.84583
2026-01-28 01:00:00,89467.73,89497.96,89196.87,89404.57,267.52883
2026-01-28 02:00:00,89404.57,89453.89,89100.01,89285.77,214.15071
2026-01-28 03:00:00,89285.78,89311.87,88985.0,89126.67,353.861
2026-01-28 04:00:00,89126.68,89160.0,88840.0,88975.04,312.10964
2026-01-28 05:00:00,88975.03,89105.56,88849.0,89084.1,326.80822
2026-01-28 06:00:00,89084.1,89400.0,89084.1,89317.47,340.81001
2026-01-28 07:00:00,89317.47,89358.51,89099.81,89134.35,370.1952
2026-01-28 08:00:00,89134.35,89258.02,88833.65,88925.47,515.45435
2026-01-28 09:00:00,88925.47,89567.26,88849.99,89567.25,490.95043
2026-01-28 10:00:00,89567.25,89703.87,89330.22,89403.77,688.45427
2026-01-28 11:00:00,89403.76,90156.72,89313.13,90080.0,1092.21486
2026-01-28 12:00:00,90079.99,90176.88,89790.0,89998.69,946.78783
2026-01-28 13:00:00,89998.69,90488.0,89969.42,90257.91,1485.47795
2026-01-28 14:00:00,90257.91,90276.78,89460.01,89617.27,997.73721
2026-01-28 15:00:00,89617.27,89849.75,88904.61,89479.66,998.88376
2026-01-28 16:00:00,89479.66,89830.0,89248.61,89629.66,744.86311
2026-01-28 17:00:00,89629.66,90600.0,89277.21,90169.88,923.32635
2026-01-28 18:00:00,90169.89,90178.91,89312.88,89546.24,748.51147
2026-01-28 19:00:00,89544.0,89719.58,89006.36,89402.58,893.3832
2026-01-28 20:00:00,89402.57,89896.0,89010.0,89130.63,590.94624
2026-01-28 21:00:00,89130.63,89490.24,88878.01,89412.17,381.49994
2026-01-28 22:00:00,89412.18,89479.04,89138.0,89396.15,156.23518
2026-01-28 23:00:00,89396.15,89471.41,89209.48,89299.99,233.14943
2026-01-29 00:00:00,89300.0,89348.0,88900.0,89143.91,431.21285
2026-01-29 01:00:00,89143.92,89159.99,88548.87,88603.56,624.81108
2026-01-29 02:00:00,88603.56,88754.64,87704.0,87907.06,1097.35161
2026-01-29 03:00:00,87907.05,88265.39,87771.3,88053.71,769.73434
2026-01-29 04:00:00,88053.71,88345.66,87901.23,88315.2,311.3438
2026-01-29 05:00:00,88315.2,88408.08,88142.66,88186.54,354.31355
2026-01-29 06:00:00,88186.53,88338.67,88168.9,88319.35,284.51762
2026-01-29 07:00:00,88319.35,88430.05,88250.0,88352.97,526.73614
2026-01-29 08:00:00,88352.96,88500.0,87907.8,88064.16,823.67262
2026-01-29 09:00:00,88064.16,88160.0,87892.0,87892.01,372.84765
2026-01-29 10:00:00,87892.0,88046.59,87832.18,87946.46,575.41561
2026-01-29 11:00:00,87946.47,88066.94,87750.01,87846.5,527.10516
2026-01-29 12:00:00,87846.5,88121.29,87817.97,88121.21,516.69113
2026-01-29 13:00:00,88121.21,88182.29,87951.67,88052.88,283.13252
2026-01-29 14:00:00,88052.87,88075.23,87008.0,87014.4,1065.77381
2026-01-29 15:00:00,87014.4,87039.51,84366.56,84934.02,8241.9564
2026-01-29 16:00:00,84934.02,85392.2,84268.17,85270.0,4076.75879
2026-01-29 17:00:00,85270.01,85638.3,84012.78,84261.66,2652.67947
2026-01-29 18:00:00,84261.66,84630.55,83415.0,83477.02,2305.76692
2026-01-29 19:00:00,83477.02,84334.97,83383.33,84012.11,1752.68525
2026-01-29 20:00:00,84012.11,84398.36,83824.9,84216.91,1089.07114
2026-01-29 21:00:00,84216.91,84706.32,84200.0,84526.57,780.67473
2026-01-29 22:00:00,84526.57,84615.74,84306.24,84570.05,335.13893
2026-01-29 23:00:00,84570.04,84737.69,84445.7,84650.16,631.99089
2026-01-30 00:00:00,84650.16,84735.75,84100.0,84192.0,730.18491
2026-01-30 01:00:00,84192.0,84192.01,81118.0,82468.02,6080.28823
2026-01-30 02:00:00,82468.01,82535.89,81154.0,82164.88,3963.98084
2026-01-30 03:00:00,82164.88,82738.89,82036.35,82676.43,1470.66915
2026-01-30 04:00:00,82676.42,83332.2,82676.42,82938.92,1147.37787
2026-01-30 05:00:00,82938.92,83329.36,82903.23,82914.19,818.20759
2026-01-30 06:00:00,82914.2,82919.21,82056.08,82602.81,1199.37024
2026-01-30 07:00:00,82602.81,83100.0,82483.27,82816.98,1624.46252
2026-01-30 08:00:00,82816.98,82995.41,82438.8,82671.7,959.74241
2026-01-30 09:00:00,82671.7,82834.19,82160.0,82363.72,1026.26025
2026-01-30 10:00:00,82363.71,82897.41,82172.02,82833.92,661.3904
2026-01-30 11:00:00,82833.92,83314.85,82682.15,83151.36,607.68303
2026-01-30 12:00:00,83151.36,83329.35,82650.0,82800.5,693.0162
2026-01-30 13:00:00,82800.49,83087.34,82421.64,82740.92,760.57185
2026-01-30 14:00:00,82740.93,83797.99,82738.68,83098.0,1785.40114
2026-01-30 15:00:00,83098.0,83616.46,82382.01,82883.94,1512.89136
2026-01-30 16:00:00,82882.84,83493.6,82549.35,83149.0,956.54558
2026-01-30 17:00:00,83149.0,83475.8,82641.6,82943.23,1094.09504
2026-01-30 18:00:00,82943.23,84160.0,81871.37,83931.13,2213.77003
2026-01-30 19:00:00,83931.13,84621.16,83917.36,84242.99,1851.84536
2026-01-30 20:00:00,84243.0,84299.99,83539.2,83906.34,2390.62988
2026-01-30 21:00:00,83906.34,84523.11,83790.44,84273.7,835.94444
2026-01-30 22:00:00,84273.71,84327.06,83918.42,84219.99,454.50219
2026-01-30 23:00:00,84220.0,84298.96,83933.82,84260.49,357.01742
2026-01-31 00:00:00,84260.5,84270.02,84014.01,84067.83,380.99765
2026-01-31 01:00:00,84067.83,84266.22,83908.0,83999.99,474.79523
2026-01-31 02:00:00,84000.0,84183.42,83815.02,84130.01,514.80351
2026-01-31 03:00:00,84130.01,84232.0,84022.69,84022.69,356.74317
2026-01-31 04:00:00,84022.7,84146.22,83941.43,83992.45,214.26773
2026-01-31 05:00:00,83992.44,84097.37,83903.7,84000.01,249.62585
2026-01-31 06:00:00,84000.01,84050.51,83638.4,83786.09,407.33324
2026-01-31 07:00:00,83786.09,83805.02,83404.67,83546.81,478.7189
2026-01-31 08:00:00,83546.82,83629.08,82560.75,83074.07,1142.87539
2026-01-31 09:00:00,83074.08,83300.0,82894.0,83109.1,471.08907
2026-01-31 10:00:00,83109.1,83203.26,82917.32,83160.0,515.13254
2026-01-31 11:00:00,83160.0,83160.0,82851.97,83020.0,279.69189
2026-01-31 12:00:00,83020.0,83140.0,82720.0,82762.0,537.57574
2026-01-31 13:00:00,82761.99,82919.29,82478.59,82767.99,539.85854
2026-01-31 14:00:00,82768.0,82928.2,80825.76,81479.99,4166.24097
2026-01-31 15:00:00,81480.0,81789.68,81088.0,81302.15,1568.15407
2026-01-31 16:00:00,81302.16,82200.0,80098.01,80365.04,5113.56418
2026-01-31 17:00:00,80365.05,80550.74,78159.9,78893.92,6669.26832
2026-01-31 18:00:00,78893.92,79143.64,75719.9,78038.38,7783.32311
2026-01-31 19:00:00,78038.39,78576.3,77194.0,77750.01,2463.45994
2026-01-31 20:00:00,77750.01,78141.95,77092.34,77999.03,1378.50317
2026-01-31 21:00:00,77999.02,78365.02,77372.69,78292.0,1330.5666
2026-01-31 22:00:00,78292.0,78499.94,78000.0,78155.17,902.43744
2026-01-31 23:00:00,78155.16,79240.0,78078.67,78741.09,1552.86508
2026-02-01 00:00:00,78741.1,79424.0,78644.09,78902.31,1738.02598
2026-02-01 01:00:00,78902.31,78943.62,78284.0,78532.17,1163.10084
2026-02-01 02:00:00,78532.32,79060.44,78378.0,78900.01,762.94469
2026-02-01 03:00:00,78900.01,79008.36,78666.73,78868.28,594.31033
2026-02-01 04:00:00,78868.29,79119.3,78720.97,78971.75,441.04188
2026-02-01 05:00:00,78973.22,79006.0,78527.13,78620.91,744.7428
2026-02-01 06:00:00,78620.9,78824.1,78266.63,78300.0,568.62406
2026-02-01 07:00:00,78300.01,78724.01,77967.69,78343.0,808.74546
2026-02-01 08:00:00,78343.0,78863.0,78252.64,78604.02,567.72389
2026-02-01 09:00:00,78604.02,79136.1,78551.15,79034.45,479.76229
2026-02-01 10:00:00,79034.45,79220.72,78148.1,78279.73,863.43565
2026-02-01 11:00:00,78279.73,78877.89,78279.72,78743.56,539.38656
2026-02-01 12:00:00,78743.57,78760.0,78244.0,78459.67,620.90729
2026-02-01 13:00:00,78459.68,78768.68,78203.21,78317.51,482.47432
2026-02-01 14:00:00,78317.51,78520.0,77236.68,78211.12,1658.37078
2026-02-01 15:00:00,78211.12,78254.2,76761.98,77593.4,2045.87767
2026-02-01 16:00:00,77593.4,77838.48,77087.76,77494.77,1084.57336
2026-02-01 17:00:00,77494.77,77748.0,77300.0,77745.32,549.82327
2026-02-01 18:00:00,77745.33,78443.1,77727.27,78029.28,791.63632
2026-02-01 19:00:00,78029.29,78106.1,77000.01,77174.78,457.49789
2026-02-01 20:00:00,77174.77,77740.91,76606.0,77103.04,1125.71882
2026-02-01 21:00:00,77103.04,77161.26,76359.87,76526.03,1221.6059
2026-02-01 22:00:00,76526.03,77779.63,76456.78,77249.31,1235.13318
2026-02-01 23:00:00,77249.31,77610.72,75700.0,76968.21,4850.01845
2026-02-02 00:00:00,76968.22,78231.26,76606.39,77672.61,1960.16053
2026-02-02 01:00:00,77672.61,77942.28,76619.69,77518.87,1238.02224
2026-02-02 02:00:00,77518.87,77555.62,76449.84,76491.17,1406.18164
2026-02-02 03:00:00,76491.18,76575.93,74604.0,76292.98,6845.40126
2026-02-02 04:00:00,76292.98,76621.28,75335.9,75894.15,2387.03559
2026-02-02 05:00:00,75894.15,75999.99,74911.14,75502.1,2327.56014
2026-02-02 06:00:00,75502.1,76834.71,74957.51,76549.32,3207.27225
2026-02-02 07:00:00,76549.32,76958.0,76327.9,76660.79,1646.53051
2026-02-02 08:00:00,76660.78,77191.15,76628.28,76881.28,1422.14452
2026-02-02 09:00:00,76881.28,77815.0,76652.0,77725.33,2196.40917
2026-02-02 10:00:00,77725.33,77876.69,77474.85,77504.54,1049.86427
2026-02-02 11:00:00,77504.54,77970.62,77451.11,77759.99,983.08962
2026-02-02 12:00:00,77760.0,78434.0,77706.0,77988.51,1103.97039
2026-02-02 13:00:00,77988.5,78458.0,77800.0,78224.79,960.76337
2026-02-02 14:00:00,78224.8,78885.0,77626.44,77844.79,2220.07608
2026-02-02 15:00:00,77844.78,79360.0,77564.62,78850.06,3238.00821
2026-02-02 16:00:00,78850.06,79288.28,78584.0,78634.76,1987.74899
2026-02-02 17:00:00,78634.75,79213.99,78603.93,78988.64,1407.01094
2026-02-02 18:00:00,78988.65,78988.65,78369.13,78569.84,992.65857
2026-02-02 19:00:00,78569.83,78697.99,78283.27,78341.5,1074.65868
2026-02-02 20:00:00,78341.5,78667.38,77888.0,78008.59,902.54602
2026-02-02 21:00:00,78008.59,78552.76,77922.0,78532.06,507.24426
2026-02-02 22:00:00,78532.07,78853.35,78528.21,78795.2,488.24484
2026-02-02 23:00:00,78795.2,78962.78,78560.0,78738.61,720.98807
2026-02-03 00:00:00,78738.6,79099.99,78408.05,79065.24,994.28607
2026-02-03 01:00:00,79065.24,79186.81,78716.79,79017.63,990.1874
2026-02-03 02:00:00,79017.64,79017.64,77800.0,77808.01,959.76758
2026-02-03 03:00:00,77808.02,78907.18,77644.09,78753.32,1068.28743
2026-02-03 04:00:00,78753.32,78999.99,78488.0,78798.39,719.00577
2026-02-03 05:00:00,78798.38,78809.78,78218.98,78240.45,581.74505
2026-02-03 06:00:00,78240.45,78665.91,77950.0,78594.17,881.03721
2026-02-03 07:00:00,78594.01,78923.93,78488.01,78794.67,705.05984
2026-02-03 08:00:00,78794.67,79084.29,78464.6,78747.96,840.3253
2026-02-03 09:00:00,78747.96,78841.35,77950.0,78400.01,972.9435
2026-02-03 10:00:00,78400.01,78560.0,78070.0,78120.36,505.87116
2026-02-03 11:00:00,78120.36,78349.24,78004.08,78079.5,475.83471
2026-02-03 12:00:00,78079.5,78416.9,78000.0,78330.26,933.6271
2026-02-03 13:00:00,78330.26,78458.89,78187.91,78307.65,529.49211
2026-02-03 14:00:00,78307.65,78434.61,77156.24,77201.22,2011.4149
2026-02-03 15:00:00,77201.21,78196.83,77055.54,78132.33,2069.08407
2026-02-03 16:00:00,78132.34,78134.53,76400.0,76488.08,3199.23624
2026-02-03 17:00:00,76488.08,76525.44,74882.28,74915.79,3210.53566
2026-02-03 18:00:00,74915.79,75302.76,73137.66,73139.13,8932.04301
2026-02-03 19:00:00,73139.12,75291.1,72945.5,74935.0,3497.82279
2026-02-03 20:00:00,74935.0,76721.25,74586.54,76475.52,2122.86901
2026-02-03 21:00:00,76475.53,76960.0,76124.05,76239.43,1110.97152
2026-02-03 22:00:00,76239.43,76299.19,75406.79,75708.83,1013.97922
2026-02-03 23:00:00,75708.82,76000.0,75428.16,75770.21,794.68224
2026-02-04 00:00:00,75770.21,76264.0,75467.22,75910.88,730.62893
2026-02-04 01:00:00,75910.88,76798.12,75910.88,76423.73,952.72942
2026-02-04 02:00:00,76423.73,76610.04,75707.41,75963.35,853.38888
2026-02-04 03:00:00,75963.35,76971.52,75906.05,76698.17,1036.93598
2026-02-04 04:00:00,76698.17,76830.69,76413.64,76479.75,577.39018
2026-02-04 05:00:00,76479.75,76526.8,76105.3,76279.99,1056.73491
2026-02-04 06:00:00,76280.0,76780.0,76259.9,76652.68,609.34015
2026-02-04 07:00:00,76652.68,76657.31,76335.46,76514.3,593.58526
2026-02-04 08:00:00,76514.3,76600.0,76068.69,76587.26,736.19473
2026-02-04 09:00:00,76587.26,76607.69,75967.1,76119.0,632.82215
2026-02-04 10:00:00,76119.0,76338.65,76069.0,76302.1,440.91077
2026-02-04 11:00:00,76302.1,76302.1,75666.0,76017.25,1102.73317
2026-02-04 12:00:00,76017.25,76260.85,76000.0,76180.85,942.91713
2026-02-04 13:00:00,76180.84,76186.98,74867.0,74867.0,1563.62436
2026-02-04 14:00:00,74867.0,75769.23,74256.0,74359.53,2801.90282
2026-02-04 15:00:00,74359.53,75328.28,73794.11,74136.36,3644.50098
2026-02-04 16:00:00,74136.48,74249.83,73076.92,73636.01,3089.62892
2026-02-04 17:00:00,73635.63,73863.92,72169.0,72576.08,5764.80542
2026-02-04 18:00:00,72576.08,74140.0,72273.68,73425.96,3480.01439
2026-02-04 19:00:00,73425.97,74007.28,73041.41,73923.29,1609.77508
2026-02-04 20:00:00,73923.3,74144.0,73425.56,73516.3,1052.61663
2026-02-04 21:00:00,73516.3,73654.0,72210.0,72799.99,1379.23839
2026-02-04 22:00:00,72800.0,73680.0,71888.0,72543.38,2426.62344
2026-02-04 23:00:00,72543.38,73520.59,72468.12,73165.83,1296.31791
2026-02-05 00:00:00,73165.84,73325.6,72754.21,72868.02,1031.56586
2026-02-05 01:00:00,72868.02,73341.18,71995.09,72421.26,1796.49365
2026-02-05 02:00:00,72421.26,72854.39,71305.55,71454.44,2979.51665
2026-02-05 03:00:00,71454.44,71884.47,71152.78,71223.25,2548.86017
2026-02-05 04:00:00,71223.25,71437.68,70701.0,70888.08,4293.99043
2026-02-05 05:00:00,70888.09,71150.16,70140.0,70732.72,4302.51294
2026-02-05 06:00:00,70732.73,70984.62,70434.05,70951.51,2020.09726
2026-02-05 07:00:00,70951.51,71622.82,70644.73,70756.85,2612.40429
2026-02-05 08:00:00,70756.86,71550.0,70683.58,71054.99,1815.06036
2026-02-05 09:00:00,71054.99,71978.58,71049.35,71550.0,1842.40706
2026-02-05 10:00:00,71549.99,71726.79,70656.59,70858.13,1618.18196
2026-02-05 11:00:00,70858.13,71063.94,69922.0,70318.35,4107.09256
2026-02-05 12:00:00,70318.35,70603.49,69163.0,69563.57,5331.37678
2026-02-05 13:00:00,69563.56,69831.85,69261.11,69688.94,2587.65964
2026-02-05 14:00:00,69688.94,70872.04,69285.71,69404.76,3459.24538
2026-02-05 15:00:00,69404.75,69616.29,66720.15,67489.07,13836.57347
2026-02-05 16:00:00,67489.08,68681.81,66955.34,68295.15,5860.78146
2026-02-05 17:00:00,68295.15,68374.79,66152.0,66181.69,6127.2285
2026-02-05 18:00:00,66181.68,66542.87,65385.0,66347.0,5703.68497
2026-02-05 19:00:00,66347.01,66637.46,65200.0,65265.65,3605.53717
2026-02-05 20:00:00,65265.66,65700.0,62345.0,63775.67,13269.97533
2026-02-05 21:00:00,63775.66,64775.0,62888.34,63213.34,6727.66673
2026-02-05 22:00:00,63213.34,64615.88,62690.9,63907.86,4776.16051
2026-02-05 23:00:00,63907.86,64908.0,62717.48,62909.86,4044.75586
2026-02-06 00:00:00,62909.87,63861.87,60000.0,63509.39,15965.67588
2026-02-06 01:00:00,63509.4,65760.0,63509.39,65714.96,6085.05108
2026-02-06 02:00:00,65714.96,66010.0,64201.28,64990.1,4172.0595
2026-02-06 03:00:00,64990.11,65172.13,63770.17,64168.33,2757.61679
2026-02-06 04:00:00,64168.33,65000.0,63914.62,64905.84,2678.77331
2026-02-06 05:00:00,64905.54,66826.5,64800.01,66408.11,3077.34633
2026-02-06 06:00:00,66408.11,66800.0,64856.88,64988.26,3562.00258
2026-02-06 07:00:00,64988.26,65543.79,64654.11,64856.0,3886.24107
2026-02-06 08:00:00,64856.0,65206.11,64500.0,64895.05,2403.94942
2026-02-06 09:00:00,64895.04,66163.0,64764.7,65799.55,2736.04998
2026-02-06 10:00:00,65799.55,66220.0,65550.0,65967.51,2067.37547
2026-02-06 11:00:00,65967.51,66755.13,65772.17,66631.32,2445.47098
2026-02-06 12:00:00,66631.32,66631.32,66114.49,66557.93,1895.66919
2026-02-06 13:00:00,66557.93,67690.7,66480.82,67316.82,4063.76595
2026-02-06 14:00:00,67316.82,68647.45,66629.36,68194.89,5594.57909
2026-02-06 15:00:00,68194.9,69192.0,67772.0,68626.0,6052.81042
2026-02-06 16:00:00,68625.99,70224.62,68428.19,69954.01,6892.60997
2026-02-06 17:00:00,69954.01,71500.0,69593.43,70753.53,5224.54006
2026-02-06 18:00:00,70753.53,70816.0,69340.91,69776.68,3217.47319
2026-02-06 19:00:00,69776.68,70952.0,69662.22,70731.46,1949.07605
2026-02-06 20:00:00,70731.45,70996.77,70000.12,70000.13,1842.94729
2026-02-06 21:00:00,70000.14,70508.75,69837.35,70358.43,1079.99332
2026-02-06 22:00:00,70358.44,71577.09,70279.09,71354.46,1439.41821
2026-02-06 23:00:00,71354.46,71751.33,70505.0,70580.26,1448.72018
2026-02-07 00:00:00,70580.26,70600.0,69718.0,69958.0,1684.48527
2026-02-07 01:00:00,69958.0,70680.54,69741.87,70471.49,1257.48702
2026-02-07 02:00:00,70471.48,70624.49,70151.51,70361.37,828.17189
2026-02-07 03:00:00,70361.36,70928.75,70270.0,70918.99,917.62946
2026-02-07 04:00:00,70918.99,71690.07,70604.55,70768.13,1760.77139
2026-02-07 05:00:00,70768.0,71191.88,69800.0,70161.5,1954.17044
2026-02-07 06:00:00,70161.51,70310.0,68757.68,68769.65,3067.81307
2026-02-07 07:00:00,68769.66,69084.55,67300.0,68087.14,6488.56676
2026-02-07 08:00:00,68087.13,68790.0,67747.65,68495.01,2785.44241
2026-02-07 09:00:00,68495.01,68763.28,67885.86,68138.2,2704.83478
2026-02-07 10:00:00,68138.19,68299.3,67582.48,67987.0,2026.15669
2026-02-07 11:00:00,67986.99,68157.21,67700.0,67972.65,1172.5817
2026-02-07 12:00:00,67972.65,69999.99,67901.89,69024.98,3372.78032
2026-02-07 13:00:00,69024.98,69364.5,68821.64,69093.98,1462.50623
2026-02-07 14:00:00,69093.98,69187.27,68358.75,68645.99,1780.47515
2026-02-07 15:00:00,68646.0,69762.46,68556.0,69151.5,2675.07885
2026-02-07 16:00:00,69151.5,69898.0,68822.51,68957.16,3767.46183
2026-02-07 17:00:00,68957.16,69408.0,68531.5,69188.81,1260.95907
2026-02-07 18:00:00,69188.81,69690.89,69009.09,69514.11,815.22684
2026-02-07 19:00:00,69514.11,69577.43,69266.66,69373.61,549.67003
2026-02-07 20:00:00,69373.61,69728.83,69252.72,69631.18,431.2072
2026-02-07 21:00:00,69631.18,69699.16,69356.16,69497.99,322.93251
2026-02-07 22:00:00,69497.99,69727.86,69325.67,69399.34,469.65551
2026-02-07 23:00:00,69399.34,69462.42,68787.34,69289.38,699.41594
2026-02-08 00:00:00,69289.37,69432.0,68888.0,69133.79,682.62238
2026-02-08 01:00:00,69133.8,69500.0,69095.17,69379.57,433.38727
2026-02-08 02:00:00,69379.57,69696.57,69167.42,69370.7,452.71707
2026-02-08 03:00:00,69370.69,69443.9,69069.65,69099.99,457.68257
2026-02-08 04:00:00,69100.0,69372.06,68952.01,69340.16,390.41434
2026-02-08 05:00:00,69340.15,69422.43,69146.47,69220.52,386.01063
2026-02-08 06:00:00,69220.53,69518.56,69090.0,69361.18,1121.01748
2026-02-08 07:00:00,69361.18,69719.07,69215.69,69710.69,980.72904
2026-02-08 08:00:00,69710.69,70796.99,69514.15,70665.59,1875.5789
2026-02-08 09:00:00,70665.59,70712.71,70094.71,70107.19,1028.89501
2026-02-08 10:00:00,70107.2,70449.99,69890.52,70266.41,1062.517
2026-02-08 11:00:00,70266.41,71220.0,70210.26,70999.98,1342.32428
2026-02-08 12:00:00,70999.99,71281.74,70707.39,71249.95,791.13826
2026-02-08 13:00:00,71249.65,71517.27,70956.0,71514.77,1080.90623
2026-02-08 14:00:00,71514.77,71554.95,71105.0,71262.19,872.42876
2026-02-08 15:00:00,71262.18,71465.93,70786.18,71188.99,914.74435
2026-02-08 16:00:00,71188.99,71256.97,70251.33,70416.0,1094.49116
2026-02-08 17:00:00,70415.99,70871.66,70407.42,70785.99,515.39696
2026-02-08 18:00:00,70786.0,71418.0,70750.0,71147.25,643.64182
2026-02-08 19:00:00,71147.24,71538.05,71142.77,71422.97,466.64362
2026-02-08 20:00:00,71422.96,71427.73,70700.03,70835.17,803.14197
2026-02-08 21:00:00,70835.17,71136.03,70524.14,70700.0,621.70092
2026-02-08 22:00:00,70700.01,71100.04,70652.11,71066.09,568.07657
2026-02-08 23:00:00,71066.09,72271.41,70000.0,70330.38,2834.32509
2026-02-09 00:00:00,70330.38,70774.4,70123.02,70502.38,961.77536
2026-02-09 01:00:00,70502.37,70926.4,70068.18,70369.53,1060.82602
2026-02-09 02:00:00,70369.53,71000.0,70220.12,70629.99,832.82995
2026-02-09 03:00:00,70629.99,71453.53,70614.07,71307.56,1165.88308
2026-02-09 04:00:00,71307.56,71359.37,70924.13,71005.01,663.12266
2026-02-09 05:00:00,71005.01,71112.0,70805.0,71044.51,554.37782
2026-02-09 06:00:00,71044.51,71044.52,70311.7,70667.95,697.3032
2026-02-09 07:00:00,70667.96,70902.51,70331.57,70422.59,1015.80172
2026-02-09 08:00:00,70422.59,70608.83,69393.97,69873.99,1595.15551
2026-02-09 09:00:00,69873.45,70116.0,69478.63,69630.35,1112.26419
2026-02-09 10:00:00,69630.35,69730.38,68420.58,68727.88,2052.69575
2026-02-09 11:00:00,68727.88,69022.89,68573.31,68928.72,1348.78221
2026-02-09 12:00:00,68928.71,69262.91,68857.97,69147.01,1009.44887
2026-02-09 13:00:00,69147.02,69299.99,68586.48,68594.57,1029.85836
2026-02-09 14:00:00,68594.56,69755.59,68308.0,69272.0,2516.24849
2026-02-09 15:00:00,69271.99,69884.82,68780.0,69563.37,2308.23216
2026-02-09 16:00:00,69563.37,70428.48,69100.0,70093.01,1734.77412
2026-02-09 17:00:00,70093.0,71000.0,69870.65,70612.29,2206.43168
2026-02-09 18:00:00,70612.29,71012.0,70088.88,70418.68,1419.6332
2026-02-09 19:00:00,70418.67,71075.31,70260.0,70957.01,878.36448
2026-02-09 20:00:00,70957.01,71126.0,70500.0,70738.71,948.93614
2026-02-09 21:00:00,70738.71,70807.75,69823.52,70400.0,1102.83201
2026-02-09 22:00:00,70400.01,70719.7,70271.13,70372.96,530.94981
2026-02-09 23:00:00,70372.96,70572.84,70083.45,70138.0,406.20163
2026-02-10 00:00:00,70138.0,70255.36,69743.8,69827.33,569.13678
2026-02-10 01:00:00,69827.34,70527.59,69827.34,70486.82,544.68673
2026-02-10 02:00:00,70486.82,70486.82,69982.27,70102.89,444.00707
2026-02-10 03:00:00,70102.9,70166.22,69208.61,69511.83,911.79715
2026-02-10 04:00:00,69511.83,69906.5,69469.58,69831.62,489.42781
2026-02-10 05:00:00,69831.62,69864.0,69210.76,69447.64,565.92441
2026-02-10 06:00:00,69447.63,69499.9,68682.0,68921.35,1241.02042
2026-02-10 07:00:00,68921.36,69218.64,68852.43,68919.66,837.11514
2026-02-10 08:00:00,68919.66,69226.16,68725.81,69142.0,730.03493
2026-02-10 09:00:00,69141.99,69417.7,68950.0,69151.5,1044.9818
2026-02-10 10:00:00,69151.5,69258.52,68921.64,68921.68,686.30742
2026-02-10 11:00:00,68921.68,69085.79,68459.89,68535.01,1128.13956
2026-02-10 12:00:00,68535.02,68855.35,68434.0,68610.12,821.53118
2026-02-10 13:00:00,68610.11,69143.6,68370.23,69027.95,992.44284
2026-02-10 14:00:00,69027.94,69591.2,67800.0,68460.4,2352.751
2026-02-10 15:00:00,68460.4,69519.72,68300.9,69293.37,1676.38862
2026-02-10 16:00:00,69293.37,69810.35,68945.23,69517.71,1394.08093
2026-02-10 17:00:00,69517.71,69993.65,69309.35,69925.31,899.7843
2026-02-10 18:00:00,69925.31,69943.44,68604.63,68894.36,897.73226
2026-02-10 19:00:00,68894.36,69303.99,68690.32,69062.01,805.90106
2026-02-10 20:00:00,69062.0,69136.91,68629.47,68753.7,425.90627
2026-02-10 21:00:00,68753.69,69005.45,68362.0,68656.21,402.88764
2026-02-10 22:00:00,68656.22,68860.4,68566.8,68707.18,289.48213
2026-02-10 23:00:00,68707.18,68860.09,68506.2,68841.29,222.30327
2026-02-11 00:00:00,68841.28,69244.45,68784.47,69201.14,437.64105
2026-02-11 01:00:00,69201.14,69292.88,68914.73,68982.0,303.52695
2026-02-11 02:00:00,68982.0,69168.52,68603.4,68677.33,398.35346
2026-02-11 03:00:00,68677.34,68751.91,68011.11,68187.99,778.71298
2026-02-11 04:00:00,68188.0,68325.0,67368.0,67584.46,1295.18481
2026-02-11 05:00:00,67584.47,67810.0,67397.86,67404.28,744.08532
2026-02-11 06:00:00,67404.28,67491.84,66557.99,66820.32,1841.79675
2026-02-11 07:00:00,66819.84,67254.6,66652.27,67032.72,1293.95919
2026-02-11 08:00:00,67032.71,67134.42,66793.93,66981.07,871.78483
2026-02-11 09:00:00,66981.08,67110.04,66716.02,66872.03,712.9704
2026-02-11 10:00:00,66872.03,66891.64,66369.49,66531.99,1318.02907
2026-02-11 11:00:00,66531.99,67110.77,66500.84,67053.03,1011.30301
2026-02-11 12:00:00,67053.03,67424.24,66959.67,67133.5,1251.20611
2026-02-11 13:00:00,67133.51,67674.3,66799.58,67454.49,1973.91228
2026-02-11 14:00:00,67454.49,68834.34,66435.62,66584.6,3127.14059
2026-02-11 15:00:00,66584.61,66818.18,65756.0,66519.73,2796.32516
2026-02-11 16:00:00,66519.72,67250.0,65952.0,66039.09,1746.45856
2026-02-11 17:00:00,66039.08,66921.12,65876.0,66518.26,1110.21085
2026-02-11 18:00:00,66518.26,67305.28,66150.66,67275.34,935.25515
2026-02-11 19:00:00,67275.34,67860.44,67105.79,67586.67,1212.94694
2026-02-11 20:00:00,67586.66,67757.7,67190.0,67555.98,514.2706
2026-02-11 21:00:00,67555.98,68369.77,67417.04,67811.17,1823.53852
2026-02-11 22:00:00,67810.2,67872.68,67387.24,67433.14,541.63723
2026-02-11 23:00:00,67433.54,67563.77,66787.7,67082.52,677.99621
2026-02-12 00:00:00,67082.52,67700.0,67055.53,67460.75,581.7604
2026-02-12 01:00:00,67460.75,68047.48,67460.75,67699.01,549.26066
2026-02-12 02:00:00,67699.01,67800.0,67418.0,67439.14,554.16819
2026-02-12 03:00:00,67439.14,67596.0,67306.61,67580.99,415.78114
2026-02-12 04:00:00,67581.0,67682.69,67000.0,67018.4,588.3789
2026-02-12 05:00:00,67018.4,67209.99,66670.45,67141.93,683.92376
2026-02-12 06:00:00,67141.92,67355.93,67014.0,67125.57,830.7495
2026-02-12 07:00:00,67125.57,67330.0,66935.64,67217.72,607.54971
2026-02-12 08:00:00,67217.71,67344.0,66891.6,67141.15,783.02638
2026-02-12 09:00:00,67141.15,67699.1,67050.0,67550.47,644.02356
2026-02-12 10:00:00,67550.46,68026.6,67404.02,68014.01,843.40689
2026-02-12 11:00:00,68014.0,68299.0,67740.0,68076.01,1397.59947
2026-02-12 12:00:00,68076.01,68162.02,67720.0,67865.31,829.25823
2026-02-12 13:00:00,67865.32,68397.5,67680.82,68376.58,960.32991
2026-02-12 14:00:00,68376.58,68410.52,67493.78,67577.02,1431.75163
2026-02-12 15:00:00,67577.02,68000.0,67014.98,67134.74,1602.90239
2026-02-12 16:00:00,67134.74,67232.04,65556.0,65863.37,3193.11571
2026-02-12 17:00:00,65863.38,66265.06,65374.56,65413.99,2100.56023
2026-02-12 18:00:00,65414.0,65800.0,65118.0,65590.95,1612.17039
2026-02-12 19:00:00,65590.95,66117.51,65274.4,65788.36,1027.63649
2026-02-12 20:00:00,65788.36,66042.24,65215.06,65428.56,894.16583
2026-02-12 21:00:00,65428.24,65900.0,65428.24,65849.87,590.26423
2026-02-12 22:00:00,65849.86,66399.94,65643.34,66288.0,642.82133
2026-02-12 23:00:00,66288.01,66488.9,66156.47,66272.17,907.1379
2026-02-13 00:00:00,66272.17,66527.09,65872.46,65918.6,765.38996
2026-02-13 01:00:00,65918.61,66619.9,65918.61,66454.95,771.58544
2026-02-13 02:00:00,66454.95,66759.61,66384.0,66663.08,476.45341
2026-02-13 03:00:00,66663.08,66814.0,66462.4,66553.08,569.96335
2026-02-13 04:00:00,66553.09,66671.62,66308.48,66329.22,462.15015
2026-02-13 05:00:00,66329.22,66502.27,66175.79,66175.79,484.2505
2026-02-13 06:00:00,66175.79,66397.86,66002.98,66359.28,613.96613
2026-02-13 07:00:00,66359.28,66568.47,66050.21,66208.96,868.05316
2026-02-13 08:00:00,66208.96,66747.38,66191.52,66699.96,603.02656
2026-02-13 09:00:00,66699.96,67062.93,66612.86,66959.71,592.93469
2026-02-13 10:00:00,66959.72,67116.0,66800.0,66977.66,516.91289
2026-02-13 11:00:00,66977.66,67226.66,66783.38,67171.42,488.71065
2026-02-13 12:00:00,67171.41,67212.28,66918.38,67084.0,405.35988
2026-02-13 13:00:00,67084.01,67615.34,66938.0,67274.15,1624.06539
2026-02-13 14:00:00,67274.14,68028.45,66867.47,67733.51,1724.03844
2026-02-13 15:00:00,67733.51,69309.8,67692.0,68692.12,3133.0872
2026-02-13 16:00:00,68692.12,69482.97,68540.83,68954.69,1775.68698
2026-02-13 17:00:00,68954.69,69250.25,68636.36,69047.99,921.29676
2026-02-13 18:00:00,69048.0,69411.44,68903.27,69129.99,1063.59333
2026-02-13 19:00:00,69129.99,69236.33,68918.79,68938.91,560.0454
2026-02-13 20:00:00,68938.91,68973.35,68683.32,68777.12,555.3285
2026-02-13 21:00:00,68777.13,69079.4,68731.75,68902.48,463.4195
2026-02-13 22:00:00,68902.48,69000.0,68726.4,68995.28,544.04056
2026-02-13 23:00:00,68995.29,69000.0,68829.2,68853.96,261.19072
2026-02-14 00:00:00,68853.97,69137.5,68768.56,69090.24,447.10398
2026-02-14 01:00:00,69090.25,69108.8,68921.54,68964.51,344.69001
2026-02-14 02:00:00,68964.51,69006.34,68845.6,68884.21,261.74234
2026-02-14 03:00:00,68884.21,69027.14,68852.0,68981.99,238.3937
2026-02-14 04:00:00,68982.0,68995.11,68789.59,68790.0,489.78591
2026-02-14 05:00:00,68790.01,68910.0,68760.0,68773.42,308.2603
2026-02-14 06:00:00,68773.41,68936.98,68730.13,68936.98,470.43757
2026-02-14 07:00:00,68936.98,69343.0,68884.56,69219.26,919.89001
2026-02-14 08:00:00,69219.27,69870.99,69218.71,69746.2,1347.80343
2026-02-14 09:00:00,69746.2,69900.0,69566.78,69714.93,555.36385
2026-02-14 10:00:00,69714.94,69714.94,69585.15,69671.86,257.25533
2026-02-14 11:00:00,69671.86,70560.01,69671.86,70505.74,1370.55448
2026-02-14 12:00:00,70505.74,70533.67,69600.0,69640.2,1278.19574
2026-02-14 13:00:00,69640.2,69771.91,69064.6,69460.0,3393.7597
2026-02-14 14:00:00,69460.0,69856.7,69208.09,69701.66,1680.0126
2026-02-14 15:00:00,69701.66,70048.39,69560.0,69778.28,751.6532
2026-02-14 16:00:00,69778.28,69815.0,69283.02,69755.1,1006.67903
2026-02-14 17:00:00,69755.1,69930.9,69609.0,69739.38,685.87401
2026-02-14 18:00:00,69739.38,69856.7,69672.55,69772.31,270.42048
2026-02-14 19:00:00,69772.3,69920.6,69619.52,69873.99,332.30706
2026-02-14 20:00:00,69873.99,70028.59,69732.75,70023.09,434.13483
2026-02-14 21:00:00,70023.1,70250.46,69668.05,69935.86,640.89584
2026-02-14 22:00:00,69935.86,70100.0,69781.0,69959.75,292.90739
2026-02-14 23:00:00,69959.74,70020.0,69723.18,69822.95,336.66314
2026-02-15 00:00:00,69822.94,69864.74,69600.0,69777.07,292.27775
2026-02-15 01:00:00,69777.06,69902.7,69350.0,69717.65,400.20039
2026-02-15 02:00:00,69717.65,69753.9,69341.27,69480.01,375.21945
2026-02-15 03:00:00,69480.0,69990.02,69251.5,69954.5,697.2437
2026-02-15 04:00:00,69954.5,70518.57,69459.35,70183.99,2275.16813
2026-02-15 05:00:00,70184.0,70472.43,70132.54,70267.61,540.45783
2026-02-15 06:00:00,70267.6,70540.99,70184.09,70405.12,505.71551
2026-02-15 07:00:00,70405.12,70926.42,70307.11,70828.42,1425.80275
2026-02-15 08:00:00,70828.43,70983.0,70182.31,70446.52,898.37828
2026-02-15 09:00:00,70446.52,70668.0,70370.3,70419.11,334.99126
2026-02-15 10:00:00,70419.12,70523.94,70208.16,70427.02,382.24903
2026-02-15 11:00:00,70427.02,70543.14,70267.6,70295.22,457.63561
2026-02-15 12:00:00,70295.22,70418.48,69309.87,69314.21,1027.34588
2026-02-15 13:00:00,69314.22,69620.06,68772.2,68930.0,1749.29694
2026-02-15 14:00:00,68930.0,69219.71,68845.72,69170.51,629.32577
2026-02-15 15:00:00,69170.51,69255.6,68888.0,69099.99,446.59665
2026-02-15 16:00:00,69100.0,69100.0,68658.0,69017.75,1442.09011
2026-02-15 17:00:00,69017.76,69085.22,68203.6,68641.21,1194.71218
2026-02-15 18:00:00,68641.21,68800.0,68274.31,68451.44,2695.36643
2026-02-15 19:00:00,68451.45,68560.84,68000.0,68286.63,2807.35363
2026-02-15 20:00:00,68286.64,68560.22,68120.0,68450.0,399.94279
2026-02-15 21:00:00,68450.0,68950.16,68450.0,68852.01,407.5596
2026-02-15 22:00:00,68852.01,69078.49,68801.06,68999.96,384.07496
2026-02-15 23:00:00,68999.96,68999.96,68319.64,68832.58,521.04745
2026-02-16 00:00:00,68832.59,69065.5,68700.0,68845.81,349.86984
2026-02-16 01:00:00,68845.81,69041.97,68454.54,68630.81,270.08273
2026-02-16 02:00:00,68630.81,68734.0,68243.68,68320.48,683.734
2026-02-16 03:00:00,68320.49,68463.96,68143.22,68424.82,453.41167
2026-02-16 04:00:00,68424.82,68894.52,68417.17,68870.07,465.20741
2026-02-16 05:00:00,68870.07,68900.0,68293.28,68385.29,353.88428
2026-02-16 06:00:00,68385.29,68527.8,68228.76,68450.8,240.56615
2026-02-16 07:00:00,68450.8,68672.59,68380.0,68587.9,362.20306
2026-02-16 08:00:00,68587.89,68798.7,68542.63,68762.85,301.81895
2026-02-16 09:00:00,68762.86,69060.77,68748.02,68992.71,453.08481
2026-02-16 10:00:00,68992.7,68992.71,68690.85,68798.22,358.68374
2026-02-16 11:00:00,68798.21,68918.22,68338.9,68812.83,495.50759
2026-02-16 12:00:00,68812.84,69848.48,68807.54,69763.24,1602.28029
2026-02-16 13:00:00,69763.24,70126.67,68225.0,68395.1,1720.62066
2026-02-16 14:00:00,68395.11,68718.3,68260.39,68427.64,1092.6004
2026-02-16 15:00:00,68427.64,68607.22,67294.11,67539.52,2148.07022
2026-02-16 16:00:00,67539.53,67974.86,67513.94,67888.7,895.58119
2026-02-16 17:00:00,67888.7,68074.12,67600.93,67951.86,501.76328
2026-02-16 18:00:00,67951.85,68245.34,67830.82,67860.13,606.24788
2026-02-16 19:00:00,67860.13,68130.0,67824.91,67913.43,262.97624
2026-02-16 20:00:00,67913.44,68549.14,67827.11,68530.0,457.58536
2026-02-16 21:00:00,68530.0,68933.85,68427.18,68862.88,534.27425
2026-02-16 22:00:00,68862.89,68890.0,68509.07,68591.02,556.75779
2026-02-16 23:00:00,68591.01,68978.88,68538.57,68892.43,348.95355
2026-02-17 00:00:00,68892.43,69042.74,68704.36,68878.27,476.69143
2026-02-17 01:00:00,68878.27,68996.67,68563.16,68618.11,499.89142
2026-02-17 02:00:00,68618.12,69241.5,68387.2,68838.48,625.65656
2026-02-17 03:00:00,68838.48,68860.68,68470.0,68474.9,367.85689
2026-02-17 04:00:00,68474.9,68707.49,68288.0,68481.67,329.69022
2026-02-17 05:00:00,68481.68,68510.76,67892.0,68245.71,633.07748
2026-02-17 06:00:00,68245.71,68519.99,68242.49,68400.0,230.38739
2026-02-17 07:00:00,68400.01,68480.0,68165.02,68388.12,314.74756
2026-02-17 08:00:00,68388.12,68479.17,68130.78,68177.53,285.96667
2026-02-17 09:00:00,68177.53,68308.37,67992.03,68126.28,404.18575
2026-02-17 10:00:00,68126.29,68194.46,67704.96,67845.3,504.39951
2026-02-17 11:00:00,67845.3,67935.73,67690.0,67854.6,507.67784
2026-02-17 12:00:00,67854.6,68299.4,67827.52,67919.49,607.94036
2026-02-17 13:00:00,67919.49,68360.5,67734.36,68136.34,716.87733
2026-02-17 14:00:00,68136.35,68337.6,66734.3,66875.06,2328.63639
2026-02-17 15:00:00,66875.06,67409.99,66621.06,67392.05,2309.0413
2026-02-17 16:00:00,67392.06,68158.1,67317.6,67517.36,1448.76651
2026-02-17 17:00:00,67517.36,67714.28,66881.08,67244.22,1144.38591
2026-02-17 18:00:00,67244.22,68227.41,67127.86,68098.62,824.93415
2026-02-17 19:00:00,68098.63,68235.39,67695.45,67793.32,785.88027
2026-02-17 20:00:00,67793.32,67928.08,67484.16,67753.3,471.88623
2026-02-17 21:00:00,67753.3,67926.29,67538.0,67680.54,253.25027
2026-02-17 22:00:00,67680.55,67788.42,67513.42,67527.72,176.97341
2026-02-17 23:00:00,67527.72,67617.46,67394.0,67503.52,240.26836
2026-02-18 00:00:00,67503.52,67627.97,67290.3,67302.65,186.99827
2026-02-18 01:00:00,67302.65,67378.26,66892.03,67165.2,545.6883
2026-02-18 02:00:00,67165.21,67421.99,67153.36,67335.04,250.64041
2026-02-18 03:00:00,67335.04,67705.65,67326.98,67629.11,243.56061
2026-02-18 04:00:00,67629.1,67900.0,67500.1,67823.54,328.68469
2026-02-18 05:00:00,67823.55,67938.0,67606.45,67654.8,311.88419
2026-02-18 06:00:00,67654.81,67976.51,67614.91,67850.52,264.75627
2026-02-18 07:00:00,67850.53,68219.81,67702.7,68106.44,528.49446
2026-02-18 08:00:00,68106.44,68476.22,68071.58,68132.82,532.69792
2026-02-18 09:00:00,68132.83,68276.0,68010.11,68157.79,339.37122
2026-02-18 10:00:00,68157.8,68184.41,67731.95,67801.26,395.11187
2026-02-18 11:00:00,67801.26,67805.08,67076.9,67369.75,654.97357
2026-02-18 12:00:00,67369.75,67689.76,67345.0,67458.06,459.50762
2026-02-18 13:00:00,67458.06,67599.7,67051.81,67236.88,549.44565
2026-02-18 14:00:00,67236.89,67362.26,66717.3,67223.76,1553.71672
2026-02-18 15:00:00,67223.77,68347.72,67192.25,67694.01,1767.46696
2026-02-18 16:00:00,67694.01,67706.94,66994.23,67145.34,1029.31402
2026-02-18 17:00:00,67145.35,67486.97,67057.13,67187.39,676.97648
2026-02-18 18:00:00,67187.4,67229.76,66200.0,66359.99,1304.49131
2026-02-18 19:00:00,66360.0,66619.0,65870.0,66177.14,1301.14212
2026-02-18 20:00:00,66177.15,66550.0,66141.9,66268.39,682.91387
2026-02-18 21:00:00,66268.4,66504.2,66053.6,66342.76,909.37392
2026-02-18 22:00:00,66342.76,66477.7,66232.02,66408.82,352.09134
2026-02-18 23:00:00,66408.83,66502.49,66275.71,66461.0,323.1366
2026-02-19 00:00:00,66461.0,66597.03,66345.0,66446.49,297.42224
2026-02-19 01:00:00,66446.49,66884.16,66446.48,66866.62,415.14671
2026-02-19 02:00:00,66866.63,66958.9,66639.99,66835.2,362.58869
2026-02-19 03:00:00,66835.2,66997.07,66727.27,66980.91,262.07528
2026-02-19 04:00:00,66980.91,67070.56,66759.0,66802.75,389.01702
2026-02-19 05:00:00,66802.74,66893.06,66679.76,66871.35,253.79395
2026-02-19 06:00:00,66871.34,67290.4,66865.43,67150.12,468.59633
2026-02-19 07:00:00,67150.12,67320.0,67028.7,67206.45,481.75258
2026-02-19 08:00:00,67206.45,67206.45,66785.56,66966.12,559.76369
2026-02-19 09:00:00,66966.12,67191.83,66754.23,66836.0,463.29328
2026-02-19 10:00:00,66836.01,66958.4,66741.77,66843.08,368.25421
2026-02-19 11:00:00,66843.08,66936.42,66478.02,66496.02,488.02461
2026-02-19 12:00:00,66496.03,66680.7,66325.34,66516.67,484.41025
2026-02-19 13:00:00,66516.67,66556.59,65763.0,65913.37,1377.50527
2026-02-19 14:00:00,65913.38,66662.3,65631.83,66421.2,1506.37269
2026-02-19 15:00:00,66421.2,66755.39,65966.0,66398.0,1083.30553
2026-02-19 16:00:00,66398.01,66514.95,65899.25,66293.53,940.96239
2026-02-19 17:00:00,66293.53,67049.99,66173.15,66369.42,899.04062
2026-02-19 18:00:00,66369.42,67073.13,66228.49,67030.49,865.51701
2026-02-19 19:00:00,67030.5,67198.1,66700.0,67050.0,706.47789
2026-02-19 20:00:00,67050.0,67166.98,66823.03,67149.11,444.88336
2026-02-19 21:00:00,67149.11,67168.86,66900.92,66916.51,265.40447
2026-02-19 22:00:00,66916.51,67000.0,66652.34,66915.14,854.02212
2026-02-19 23:00:00,66915.15,67023.61,66814.76,67003.73,304.63969
2026-02-20 00:00:00,67003.73,67486.62,66949.41,67228.91,595.00262
2026-02-20 01:00:00,67228.91,67355.79,67150.0,67279.9,313.31598
2026-02-20 02:00:00,67279.91,67347.76,67181.28,67242.03,232.09759
2026-02-20 03:00:00,67242.03,67488.67,67241.24,67366.25,332.50492
2026-02-20 04:00:00,67366.25,67402.23,67115.38,67264.83,362.39174
2026-02-20 05:00:00,67264.83,68006.0,67203.19,67790.1,1107.38598
2026-02-20 06:00:00,67790.11,67894.2,67660.12,67847.47,482.66553
2026-02-20 07:00:00,67847.47,67990.0,67767.4,67825.91,459.03505
2026-02-20 08:00:00,67825.91,67950.85,67747.33,67879.99,290.00035
2026-02-20 09:00:00,67879.99,68230.01,67879.99,68218.85,996.7879
2026-02-20 10:00:00,68218.85,68318.39,67843.42,67948.99,638.74258
2026-02-20 11:00:00,67948.99,67983.91,67280.6,67318.41,1489.10389
2026-02-20 12:00:00,67318.41,67594.0,67276.41,67541.77,603.15784
2026-02-20 13:00:00,67541.78,67541.78,66280.2,66801.62,7078.59491
2026-02-20 14:00:00,66801.62,67317.5,66532.87,67069.65,5263.48808
2026-02-20 15:00:00,67069.65,68083.98,66536.64,67582.95,3143.21056
2026-02-20 16:00:00,67582.95,67921.7,67283.24,67795.47,1312.90303
2026-02-20 17:00:00,67795.48,67795.48,66952.11,67613.37,6085.1555
2026-02-20 18:00:00,67613.38,68000.0,67466.11,67924.21,1321.6326
2026-02-20 19:00:00,67924.22,68000.0,67548.85,67646.03,854.45567
2026-02-20 20:00:00,67646.03,67885.55,67520.3,67750.4,685.93834
2026-02-20 21:00:00,67750.4,67840.0,67639.29,67825.87,451.92527
2026-02-20 22:00:00,67825.87,68116.6,67639.31,68078.13,669.63597
2026-02-20 23:00:00,68078.13,68233.99,67914.0,68020.01,582.73901
2026-02-21 00:00:00,68020.0,68051.16,67787.19,67841.0,537.54494
2026-02-21 01:00:00,67841.0,68005.99,67841.0,67951.24,250.62697
2026-02-21 02:00:00,67951.25,68099.54,67913.3,68001.05,224.56497
2026-02-21 03:00:00,68001.04,68001.04,67534.69,67667.77,569.35853
2026-02-21 04:00:00,67667.77,67846.88,67593.99,67816.97,228.62441
2026-02-21 05:00:00,67816.98,67888.4,67799.7,67851.93,141.24714
2026-02-21 06:00:00,67851.93,67924.39,67750.96,67793.38,228.15051
2026-02-21 07:00:00,67793.39,67884.74,67749.59,67856.01,118.21011
2026-02-21 08:00:00,67856.01,68079.41,67807.3,68055.03,293.16321
2026-02-21 09:00:00,68055.04,68314.54,67978.9,68147.53,599.79254
2026-02-21 10:00:00,68147.54,68250.0,68139.65,68215.54,212.21766
2026-02-21 11:00:00,68215.55,68283.34,68084.0,68092.45,279.32431
2026-02-21 12:00:00,68092.45,68218.2,67915.0,68203.42,307.88407
2026-02-21 13:00:00,68203.42,68260.0,68106.89,68259.99,202.25945
2026-02-21 14:00:00,68259.99,68644.0,68180.53,68450.01,880.51744
2026-02-21 15:00:00,68450.01,68698.7,68417.0,68615.0,427.6444
2026-02-21 16:00:00,68615.01,68630.76,68101.78,68322.6,658.4992
2026-02-21 17:00:00,68322.61,68474.01,68200.0,68437.45,212.23015
2026-02-21 18:00:00,68437.45,68644.0,68383.08,68574.0,320.28262
2026-02-21 19:00:00,68573.99,68658.5,68526.81,68543.51,219.15242
2026-02-21 20:00:00,68543.51,68605.63,68190.0,68211.19,369.37236
2026-02-21 21:00:00,68211.19,68390.93,68183.1,68379.95,170.62817
2026-02-21 22:00:00,68379.95,68437.56,67900.0,67972.0,378.72918
2026-02-21 23:00:00,67972.0,68124.54,67941.02,67975.93,202.81655
2026-02-22 00:00:00,67975.93,68060.4,67809.78,67946.0,294.60551
2026-02-22 01:00:00,67946.0,68171.46,67945.99,68159.31,265.09117
2026-02-22 02:00:00,68159.32,68222.16,67872.76,67909.68,289.41881
2026-02-22 03:00:00,67909.67,68062.03,67824.9,68041.43,265.36653
2026-02-22 04:00:00,68041.42,68086.0,67966.52,67983.5,199.56269
2026-02-22 05:00:00,67983.5,68011.75,67881.81,67977.52,154.76424
2026-02-22 06:00:00,67977.52,68178.79,67972.89,68038.13,303.09242
2026-02-22 07:00:00,68038.14,68095.57,67990.5,68005.3,266.37265
2026-02-22 08:00:00,68005.3,68019.46,67912.02,67950.1,183.6609
2026-02-22 09:00:00,67950.11,68101.46,67948.74,68053.32,173.06503
2026-02-22 10:00:00,68053.33,68153.2,68012.78,68129.56,204.92643
2026-02-22 11:00:00,68129.57,68245.0,68129.56,68219.97,171.48901
2026-02-22 12:00:00,68219.97,68232.4,67871.59,67928.22,372.42816
2026-02-22 13:00:00,67928.23,68040.8,67571.08,67652.38,679.59468
2026-02-22 14:00:00,67652.38,67682.47,67353.75,67443.89,825.57077
2026-02-22 15:00:00,67443.89,67813.2,67303.5,67684.14,653.6397
2026-02-22 16:00:00,67684.15,67718.13,67513.83,67632.76,299.2772
2026-02-22 17:00:00,67632.76,67635.22,67190.0,67384.49,691.10182
2026-02-22 18:00:00,67384.48,67461.41,67313.54,67422.62,362.52705
2026-02-22 19:00:00,67422.63,67488.7,67403.37,67428.32,222.75597
2026-02-22 20:00:00,67428.32,67491.96,67350.0,67401.74,272.50364
2026-02-22 21:00:00,67401.74,67643.94,67401.74,67612.66,235.86316
2026-02-22 22:00:00,67612.66,67751.44,67485.34,67666.16,369.66378
2026-02-22 23:00:00,67666.16,67730.98,67469.58,67643.4,418.79352
2026-02-23 00:00:00,67643.39,67684.86,66715.01,66740.47,765.22691
2026-02-23 01:00:00,66740.47,66740.47,64290.71,64427.65,7324.06208
2026-02-23 02:00:00,64427.64,64916.85,64325.98,64783.56,1843.2569
2026-02-23 03:00:00,64783.56,65079.79,64700.0,64934.17,1090.11911
2026-02-23 04:00:00,64934.18,65040.29,64685.64,64808.31,792.86138
2026-02-23 05:00:00,64808.31,65294.8,64796.85,65070.9,1215.1894
2026-02-23 06:00:00,65070.9,65802.09,65033.9,65757.32,1085.08146
2026-02-23 07:00:00,65757.33,66015.22,65641.55,65958.94,1026.69503
2026-02-23 08:00:00,65958.94,65958.94,65565.78,65676.44,895.54696
2026-02-23 09:00:00,65676.44,66456.5,65672.76,66404.91,974.96031
2026-02-23 10:00:00,66404.92,66600.0,66220.0,66319.69,789.042
2026-02-23 11:00:00,66319.69,66487.37,66114.22,66207.23,534.45165
2026-02-23 12:00:00,66207.23,66511.51,65886.51,66280.4,754.07687
2026-02-23 13:00:00,66280.4,66430.52,66103.35,66132.66,807.41354
2026-02-23 14:00:00,66132.65,66264.95,65529.73,65923.53,971.74614
2026-02-23 15:00:00,65923.52,66250.0,65579.53,65660.1,1263.10354
2026-02-23 16:00:00,65660.1,65724.28,65178.83,65364.65,1502.46383
2026-02-23 17:00:00,65364.66,65451.01,64152.04,64813.26,2524.7894
2026-02-23 18:00:00,64813.27,65194.51,64586.0,64635.49,994.68933
2026-02-23 19:00:00,64635.49,64855.18,64048.71,64295.1,2158.00321
2026-02-23 20:00:00,64295.11,64487.94,63888.79,64473.14,1313.21455
2026-02-23 21:00:00,64473.14,64783.54,64459.44,64580.66,593.24685
2026-02-23 22:00:00,64580.66,65035.98,64555.59,64725.56,1451.85665
2026-02-23 23:00:00,64725.56,64900.63,64538.9,64656.02,404.81213
2026-02-24 00:00:00,64656.01,65026.75,64656.01,64941.43,437.59997
2026-02-24 01:00:00,64941.42,64941.42,63433.84,64160.27,2402.75927
2026-02-24 02:00:00,64160.26,64500.0,64000.0,64109.81,599.63527
2026-02-24 03:00:00,64109.8,64109.8,63342.9,63595.51,1312.76931
2026-02-24 04:00:00,63595.51,63628.52,62868.69,63378.84,2096.9105
2026-02-24 05:00:00,63378.84,63551.58,62700.8,63104.79,1274.07037
2026-02-24 06:00:00,63104.79,63322.28,62900.0,63082.79,677.94768
2026-02-24 07:00:00,63082.79,63367.2,62866.42,63192.96,890.96125
2026-02-24 08:00:00,63192.79,63323.34,63009.92,63239.47,350.20167
